{"cameraMode":{"drawMode":0,"name":"Shaded","section":"Shading Mode"},"sceneLighting":false,"audioPlay":false,"sceneViewState":{"m_AlwaysRefresh":false,"showFog":true,"showSkybox":false,"showFlares":true,"showImageEffects":true,"showParticleSystems":true,"showVisualEffectGraphs":true,"m_FxEnabled":true},"in2DMode":false,"pivot":{"x":0.0599883571267128,"y":-0.010219328105449677,"z":-0.01498672366142273},"rotation":{"x":-0.0904962420463562,"y":-0.0009187826071865857,"z":0.0003024130128324032,"w":-0.9959871172904968},"size":0.18884022533893586,"orthographic":false}